{"stats":{"minecraft:used":{"minecraft:oak_log":245,"minecraft:oak_door":2,"minecraft:oak_fence":26,"minecraft:sea_lantern":51,"minecraft:iron_bars":17,"minecraft:bookshelf":182,"minecraft:birch_planks":278,"minecraft:birch_slab":40,"minecraft:lantern":8,"minecraft:oak_stairs":3,"minecraft:grass_block":6,"minecraft:spruce_slab":42,"minecraft:polished_andesite":291,"minecraft:chain":10,"minecraft:oak_planks":377,"minecraft:birch_log":60,"minecraft:oak_sign":42,"minecraft:glass_pane":4,"minecraft:jungle_stairs":58,"minecraft:lectern":5,"minecraft:chest":9,"minecraft:stone_brick_wall":96,"minecraft:polished_granite":427,"minecraft:spruce_trapdoor":11,"minecraft:oak_fence_gate":4,"minecraft:birch_stairs":124,"minecraft:polished_andesite_slab":4,"minecraft:player_head":2},"minecraft:dropped":{"minecraft:oak_planks":1,"minecraft:polished_granite":1},"minecraft:picked_up":{"minecraft:polished_granite":1,"minecraft:oak_sign":2,"minecraft:oak_planks":1},"minecraft:custom":{"minecraft:open_chest":4,"minecraft:time_since_rest":127411,"minecraft:play_one_minute":127411,"minecraft:crouch_one_cm":2808,"minecraft:sprint_one_cm":74276,"minecraft:walk_one_cm":150424,"minecraft:sneak_time":4065,"minecraft:drop":2,"minecraft:jump":244,"minecraft:leave_game":5,"minecraft:time_since_death":127411,"minecraft:fly_one_cm":467890}},"DataVersion":2586}